,AUC,AUPRC,Accuracy,Status
TARGET_T2DM,0.9399070323455999,0.6509000578649697,0.8374020996500583,TRAINED
TARGET_CKD,0.9591311282071664,0.5268983454917746,0.8737988113092262,TRAINED
TARGET_MDD,0.9938974861022191,0.9997949239672335,0.9608398600233294,TRAINED
TARGET_HTN,0.9999999999999999,1.0,1.0,TRAINED
TARGET_STROKE,0.9587669215619072,0.48019543022848604,0.8726878853524412,TRAINED
TARGET_CAD,0.9781835058456442,0.8608494840474716,0.9160695439648947,TRAINED
TARGET_HYPERLIPIDEMIA,0.5,0.0,1.0,SKIPPED
TARGET_AD_VAD,0.5,0.0,1.0,SKIPPED
TARGET_PD,1.0,1.0,1.0,TRAINED
TARGET_AFIB,0.5,0.0,1.0,SKIPPED
TARGET_EPILEPSY,0.5,0.0,1.0,SKIPPED
TARGET_OBESITY,0.9999995896244707,0.9999969488241961,0.9998889074043215,TRAINED
